ResidueID,ChainID,SegID,InsertionCode,ResidueOrdinal,RMSF
1,A,A,,0,0.804861903190613
2,A,A,,0,0.49087193608284
3,A,A,,0,0.46879905462265
4,A,A,,0,0.50667279958725
5,A,A,,0,0.342905789613724
6,A,A,,0,0.389926731586456
7,A,A,,0,0.4397913813591
8,A,A,,0,0.394368708133698
9,A,A,,0,0.341021031141281
10,A,A,,0,0.434072732925415
11,A,A,,0,0.454194158315659
12,A,A,,0,0.454868853092194
13,A,A,,0,0.41754150390625
14,A,A,,0,0.431107252836227
15,A,A,,0,0.466633528470993
16,A,A,,0,0.814692437648773
17,A,A,,0,1.00442385673523
18,A,A,,0,0.63228178024292
19,A,A,,0,0.526396036148071
20,A,A,,0,0.445918530225754
21,A,A,,0,0.51908802986145
22,A,A,,0,0.347000986337662
23,A,A,,0,0.30220228433609
24,A,A,,0,0.338897466659546
25,A,A,,0,0.348279356956482
26,A,A,,0,0.429716736078262
27,A,A,,0,0.524333953857422
28,A,A,,0,0.387285739183426
29,A,A,,0,0.417230904102325
30,A,A,,0,0.406921535730362
31,A,A,,0,0.32542160153389
32,A,A,,0,0.286544263362885
33,A,A,,0,0.334241032600403
34,A,A,,0,0.436981856822968
35,A,A,,0,0.575183212757111
36,A,A,,0,0.690984070301056
37,A,A,,0,0.842132449150085
38,A,A,,0,0.56402575969696
39,A,A,,0,0.79478508234024
40,A,A,,0,0.775734722614288
41,A,A,,0,0.828376352787018
42,A,A,,0,0.650854051113129
43,A,A,,0,0.573642909526825
44,A,A,,0,0.564227342605591
45,A,A,,0,0.585872709751129
46,A,A,,0,0.571894645690918
47,A,A,,0,0.561262249946594
48,A,A,,0,0.633268594741821
49,A,A,,0,0.762779355049133
50,A,A,,0,0.826988935470581
51,A,A,,0,0.904398083686829
52,A,A,,0,0.790870249271393
53,A,A,,0,0.658162117004395
54,A,A,,0,0.614816904067993
55,A,A,,0,0.552531063556671
56,A,A,,0,0.44022598862648
57,A,A,,0,0.396221786737442
58,A,A,,0,0.41576761007309
59,A,A,,0,0.429255574941635
60,A,A,,0,0.570543527603149
61,A,A,,0,0.424714505672455
62,A,A,,0,0.429061353206635
63,A,A,,0,0.534278631210327
64,A,A,,0,0.51857990026474
65,A,A,,0,0.48153430223465
66,A,A,,0,0.405916064977646
67,A,A,,0,0.49859893321991
68,A,A,,0,0.668295919895172
69,A,A,,0,0.548675656318665
70,A,A,,0,0.588656425476074
71,A,A,,0,0.473714172840118
72,A,A,,0,0.466949671506882
73,A,A,,0,0.469791531562805
74,A,A,,0,0.357883960008621
75,A,A,,0,0.353319734334946
76,A,A,,0,0.344256430864334
77,A,A,,0,0.3651202917099
78,A,A,,0,0.50420731306076
79,A,A,,0,0.536864697933197
80,A,A,,0,0.506896913051605
81,A,A,,0,0.595594525337219
82,A,A,,0,0.511550962924957
83,A,A,,0,0.352953106164932
84,A,A,,0,0.31446960568428
85,A,A,,0,0.325655907392502
86,A,A,,0,0.420817166566849
87,A,A,,0,0.31760773062706
88,A,A,,0,0.346421748399734
89,A,A,,0,0.36638006567955
90,A,A,,0,0.345530211925507
91,A,A,,0,0.410309284925461
92,A,A,,0,0.394269824028015
93,A,A,,0,0.420699685811996
94,A,A,,0,0.484041333198547
95,A,A,,0,0.357679545879364
96,A,A,,0,0.385043442249298
97,A,A,,0,0.377563863992691
98,A,A,,0,0.366468876600266
1,B,B,,0,0.561923265457153
2,B,B,,0,0.544201612472534
3,B,B,,0,0.513314783573151
4,B,B,,0,0.443261742591858
5,B,B,,0,0.426372677087784
6,B,B,,0,0.505930244922638
7,B,B,,0,0.436128258705139
8,B,B,,0,0.378508716821671
9,B,B,,0,0.375837713479996
10,B,B,,0,0.373764246702194
11,B,B,,0,0.331618547439575
12,B,B,,0,0.45101523399353
13,B,B,,0,0.412220984697342
14,B,B,,0,0.452150970697403
15,B,B,,0,0.59553736448288
16,B,B,,0,1.01121163368225
17,B,B,,0,0.896839618682861
18,B,B,,0,0.644104540348053
19,B,B,,0,0.598910570144653
20,B,B,,0,0.460451126098633
21,B,B,,0,0.45872300863266
22,B,B,,0,0.300504565238953
23,B,B,,0,0.33390137553215
24,B,B,,0,0.346986800432205
25,B,B,,0,0.373096108436584
26,B,B,,0,0.42644065618515
27,B,B,,0,0.476290434598923
28,B,B,,0,0.387672662734985
29,B,B,,0,0.433947682380676
30,B,B,,0,0.418538451194763
31,B,B,,0,0.349632769823074
32,B,B,,0,0.33524963259697
33,B,B,,0,0.345026016235352
34,B,B,,0,0.407005161046982
35,B,B,,0,0.465736269950867
36,B,B,,0,0.569168508052826
37,B,B,,0,0.734115123748779
38,B,B,,0,0.620885789394379
39,B,B,,0,0.934735894203186
40,B,B,,0,0.803826332092285
41,B,B,,0,0.58884185552597
42,B,B,,0,0.502949953079224
43,B,B,,0,0.536934494972229
44,B,B,,0,0.548923790454865
45,B,B,,0,0.488067805767059
46,B,B,,0,0.595712602138519
47,B,B,,0,0.661165356636047
48,B,B,,0,0.779605746269226
49,B,B,,0,0.944621980190277
50,B,B,,0,0.974246978759766
51,B,B,,0,1.07747304439545
52,B,B,,0,0.967456102371216
53,B,B,,0,0.754418730735779
54,B,B,,0,0.649343848228455
55,B,B,,0,0.540724575519562
56,B,B,,0,0.418747335672379
57,B,B,,0,0.345252454280853
58,B,B,,0,0.319795966148376
59,B,B,,0,0.332092702388763
60,B,B,,0,0.401610285043716
61,B,B,,0,0.455839246511459
62,B,B,,0,0.401251137256622
63,B,B,,0,0.459250003099442
64,B,B,,0,0.435010820627213
65,B,B,,0,0.456530749797821
66,B,B,,0,0.485830098390579
67,B,B,,0,0.729838967323303
68,B,B,,0,0.681665658950806
69,B,B,,0,0.556158542633057
70,B,B,,0,0.532909750938416
71,B,B,,0,0.532337427139282
72,B,B,,0,0.502381265163422
73,B,B,,0,0.471961557865143
74,B,B,,0,0.358559429645538
75,B,B,,0,0.318795293569565
76,B,B,,0,0.31833603978157
77,B,B,,0,0.341024905443192
78,B,B,,0,0.478317201137543
79,B,B,,0,0.600282788276672
80,B,B,,0,0.554734706878662
81,B,B,,0,0.751348614692688
82,B,B,,0,0.579394161701202
83,B,B,,0,0.347322881221771
84,B,B,,0,0.30778181552887
85,B,B,,0,0.319801539182663
86,B,B,,0,0.350165009498596
87,B,B,,0,0.336270809173584
88,B,B,,0,0.349736779928207
89,B,B,,0,0.292859971523285
90,B,B,,0,0.319686055183411
91,B,B,,0,0.3541179895401
92,B,B,,0,0.427284747362137
93,B,B,,0,0.446412831544876
94,B,B,,0,0.452356815338135
95,B,B,,0,0.328952014446259
96,B,B,,0,0.369446307420731
97,B,B,,0,0.342799693346024
98,B,B,,0,0.395019859075546
