ResidueID,ChainID,SegID,InsertionCode,ResidueOrdinal,slice_1.dcd,slice_2.dcd,slice_3.dcd,slice_4.dcd,slice_5.dcd,slice_6.dcd,slice_7.dcd,slice_8.dcd,slice_9.dcd
1,A,A,,0,0.861226,0.450752,0.498353,0.401139,0.280872,0.376268,0.632157,0.591740,0.360278
2,A,A,,0,0.598998,0.343285,0.383465,0.311877,0.202154,0.521729,0.359569,0.379735,0.421268
3,A,A,,0,0.278207,0.193276,0.404585,0.618370,0.407322,0.565038,0.324447,0.383028,0.260599
4,A,A,,0,0.397967,0.259231,0.350049,0.575790,0.442392,0.493400,0.318364,0.298665,0.425703
5,A,A,,0,0.228910,0.319129,0.207952,0.193907,0.217973,0.210870,0.278168,0.212445,0.442842
6,A,A,,0,0.409582,0.281148,0.299740,0.341142,0.275319,0.224054,0.306705,0.295033,0.279165
7,A,A,,0,0.623431,0.402466,0.340033,0.313157,0.215045,0.360372,0.370313,0.329107,0.387473
8,A,A,,0,0.547702,0.367606,0.243674,0.263017,0.399445,0.121563,0.328431,0.333299,0.382161
9,A,A,,0,0.340784,0.226715,0.225240,0.265582,0.382854,0.223906,0.346923,0.394407,0.273781
10,A,A,,0,0.320557,0.330957,0.423898,0.274833,0.339085,0.315980,0.380554,0.384335,0.178573
11,A,A,,0,0.303206,0.320693,0.271415,0.243949,0.318084,0.488174,0.379210,0.473193,0.335825
12,A,A,,0,0.190729,0.302177,0.262635,0.138565,0.438407,0.205048,0.189501,0.289136,0.494975
13,A,A,,0,0.140870,0.262214,0.229590,0.240416,0.321594,0.291508,0.269774,0.207791,0.420343
14,A,A,,0,0.156345,0.218429,0.334564,0.263523,0.329510,0.202815,0.237066,0.290172,0.459469
15,A,A,,0,0.194422,0.262043,0.342054,0.187677,0.334962,0.217155,0.164048,0.311733,0.691488
16,A,A,,0,0.359784,0.464161,0.523897,0.247790,0.623644,0.451983,0.396458,0.728088,0.850071
17,A,A,,0,0.762568,0.583019,1.224918,0.413038,0.459226,0.333866,0.309588,0.781836,0.610921
18,A,A,,0,0.511839,0.358297,0.694582,0.341271,0.379531,0.169312,0.394658,0.458863,0.489352
19,A,A,,0,0.412418,0.375234,0.295069,0.458719,0.297807,0.254383,0.287866,0.265037,0.469633
20,A,A,,0,0.303536,0.249356,0.340947,0.375292,0.321628,0.330085,0.127455,0.302948,0.405245
21,A,A,,0,0.249132,0.290593,0.226078,0.355933,0.231038,0.339282,0.440961,0.332834,0.385027
22,A,A,,0,0.207204,0.180923,0.209604,0.286899,0.240001,0.393868,0.384102,0.276206,0.112546
23,A,A,,0,0.297210,0.208752,0.218734,0.233477,0.148100,0.370374,0.313333,0.229494,0.161659
24,A,A,,0,0.365271,0.255950,0.307102,0.182513,0.123738,0.298775,0.321941,0.282293,0.213127
25,A,A,,0,0.350270,0.287017,0.236736,0.369232,0.250023,0.353240,0.395530,0.078316,0.230120
26,A,A,,0,0.457652,0.201495,0.349730,0.270306,0.329645,0.358051,0.311343,0.246622,0.348774
27,A,A,,0,0.490533,0.378006,0.464206,0.327415,0.498843,0.514933,0.427630,0.290478,0.197258
28,A,A,,0,0.418063,0.419445,0.434460,0.355965,0.271662,0.322457,0.373602,0.160832,0.124723
29,A,A,,0,0.220706,0.413066,0.574494,0.558967,0.225045,0.323315,0.252190,0.358050,0.234045
30,A,A,,0,0.229203,0.318223,0.554376,0.487236,0.298996,0.279959,0.302841,0.315559,0.140160
31,A,A,,0,0.290365,0.292574,0.390156,0.294468,0.236031,0.180432,0.192008,0.226373,0.204233
32,A,A,,0,0.253421,0.359445,0.155564,0.145373,0.190028,0.204830,0.258542,0.214475,0.244222
33,A,A,,0,0.223010,0.359660,0.210344,0.203141,0.215406,0.331427,0.217919,0.187794,0.284878
34,A,A,,0,0.334731,0.280079,0.240787,0.232283,0.161794,0.175626,0.295710,0.415959,0.410529
35,A,A,,0,0.392570,0.290861,0.227694,0.263903,0.212971,0.201879,0.528919,0.467404,0.422742
36,A,A,,0,0.571100,0.359722,0.337671,0.366394,0.384881,0.388130,0.590913,0.612553,0.414272
37,A,A,,0,0.521217,0.438406,0.411879,0.338987,0.547662,0.356681,0.564015,0.465189,0.761957
38,A,A,,0,0.386550,0.361201,0.154345,0.348107,0.183424,0.382215,0.488422,0.383871,0.544528
39,A,A,,0,0.442342,0.341238,0.376915,0.683161,0.167399,0.536552,0.484905,0.601646,0.504623
40,A,A,,0,0.405080,0.407568,0.323282,0.687523,0.434384,0.369354,0.459830,0.688332,0.445745
41,A,A,,0,0.420424,0.383696,0.238933,0.630644,0.238514,0.463775,0.380877,0.731922,0.542936
42,A,A,,0,0.312695,0.375530,0.195278,0.437518,0.456777,0.395194,0.471286,0.360062,0.570401
43,A,A,,0,0.223060,0.420291,0.326633,0.451467,0.600128,0.463944,0.419817,0.341532,0.454778
44,A,A,,0,0.280752,0.430192,0.429548,0.421900,0.650896,0.280515,0.506096,0.372379,0.231181
45,A,A,,0,0.223705,0.389929,0.547174,0.448231,0.482332,0.186488,0.521686,0.338395,0.317945
46,A,A,,0,0.332633,0.327720,0.605604,0.275156,0.405872,0.252805,0.528961,0.329040,0.401581
47,A,A,,0,0.271622,0.391891,0.642219,0.359877,0.424789,0.176887,0.382420,0.394040,0.434691
48,A,A,,0,0.552691,0.502084,0.665699,0.328938,0.315243,0.140634,0.482977,0.457506,0.304595
49,A,A,,0,0.460218,0.322144,0.495245,0.428772,0.258587,0.306881,0.666516,0.326156,0.450162
50,A,A,,0,0.477191,0.414862,0.525485,0.385141,0.398831,0.376887,0.731438,0.487740,0.324960
51,A,A,,0,0.397128,0.388473,0.855713,0.361079,0.502948,0.366454,0.664832,0.727018,0.424918
52,A,A,,0,0.429442,0.512943,0.668896,0.392655,0.427004,0.530932,0.699697,0.302984,0.473404
53,A,A,,0,0.407676,0.279959,0.596265,0.278926,0.187319,0.549281,0.493354,0.326972,0.249755
54,A,A,,0,0.327348,0.245720,0.376208,0.196978,0.131404,0.620681,0.650061,0.254558,0.348107
55,A,A,,0,0.314395,0.279482,0.567136,0.252146,0.289097,0.335095,0.547316,0.240093,0.425285
56,A,A,,0,0.226912,0.351061,0.231613,0.271006,0.374847,0.278807,0.401746,0.293976,0.391208
57,A,A,,0,0.214426,0.357801,0.194708,0.254252,0.278130,0.204667,0.421637,0.162821,0.330421
58,A,A,,0,0.225635,0.237160,0.218275,0.311590,0.331226,0.287597,0.408085,0.248998,0.302361
59,A,A,,0,0.312338,0.258154,0.162003,0.415291,0.298404,0.246983,0.524193,0.247881,0.253115
60,A,A,,0,0.232666,0.304849,0.359970,0.320278,0.393079,0.367846,0.397325,0.498286,0.180678
61,A,A,,0,0.252763,0.226960,0.348712,0.232333,0.307138,0.265833,0.260214,0.261831,0.327177
62,A,A,,0,0.387184,0.375232,0.333033,0.216283,0.262932,0.345091,0.279998,0.228230,0.317910
63,A,A,,0,0.669907,0.426145,0.390497,0.174802,0.352011,0.277929,0.145831,0.336352,0.247161
64,A,A,,0,0.614636,0.430812,0.364021,0.233284,0.267041,0.245447,0.142283,0.595146,0.381722
65,A,A,,0,0.414836,0.221562,0.357646,0.323487,0.276124,0.256384,0.211503,0.414085,0.367758
66,A,A,,0,0.339674,0.257121,0.382797,0.325985,0.252148,0.183120,0.316263,0.384130,0.220101
67,A,A,,0,0.307391,0.332634,0.238281,0.339477,0.501930,0.429495,0.421716,0.410608,0.272845
68,A,A,,0,0.516787,0.359629,0.403925,0.549465,0.476212,0.530386,0.530807,0.438458,0.289099
69,A,A,,0,0.322662,0.411824,0.518308,0.315208,0.310698,0.440379,0.467547,0.312053,0.259356
70,A,A,,0,0.469941,0.328059,0.419656,0.335957,0.293787,0.311448,0.223407,0.320832,0.351537
71,A,A,,0,0.495086,0.323489,0.475605,0.362675,0.098092,0.324243,0.253464,0.230313,0.357739
72,A,A,,0,0.165260,0.284528,0.349634,0.291853,0.221158,0.344900,0.280040,0.370974,0.278528
73,A,A,,0,0.363408,0.314077,0.245447,0.374759,0.257164,0.410203,0.384246,0.433693,0.349062
74,A,A,,0,0.276969,0.291662,0.131064,0.240830,0.198832,0.388532,0.268701,0.328193,0.215560
75,A,A,,0,0.227157,0.334630,0.310269,0.111753,0.189969,0.285386,0.359043,0.190437,0.376978
76,A,A,,0,0.221960,0.323075,0.276285,0.130893,0.272723,0.208754,0.301958,0.083399,0.390810
77,A,A,,0,0.342929,0.249799,0.246622,0.246713,0.282017,0.267002,0.294280,0.192180,0.408465
78,A,A,,0,0.440278,0.217613,0.329916,0.481942,0.278408,0.318434,0.285540,0.447437,0.371005
79,A,A,,0,0.493222,0.200000,0.290633,0.331730,0.226470,0.322043,0.293825,0.429262,0.224252
80,A,A,,0,0.441587,0.427212,0.250997,0.246173,0.153261,0.323729,0.169248,0.432973,0.268039
81,A,A,,0,0.410232,0.403320,0.366576,0.453627,0.221057,0.294845,0.419419,0.433871,0.234331
82,A,A,,0,0.449345,0.285618,0.343059,0.473825,0.344448,0.420715,0.317874,0.391664,0.219546
83,A,A,,0,0.316579,0.252060,0.244452,0.358857,0.338461,0.161660,0.446593,0.234284,0.148473
84,A,A,,0,0.292080,0.301441,0.333033,0.148923,0.212236,0.208432,0.393079,0.170881,0.165529
85,A,A,,0,0.286317,0.293825,0.299631,0.166934,0.280000,0.193390,0.284254,0.270349,0.175248
86,A,A,,0,0.250422,0.328363,0.426223,0.354619,0.335625,0.279960,0.338856,0.327007,0.183968
87,A,A,,0,0.265121,0.166866,0.372590,0.295372,0.199165,0.204615,0.279483,0.244768,0.189386
88,A,A,,0,0.257424,0.253989,0.375943,0.267164,0.230892,0.266708,0.351727,0.225929,0.316298
89,A,A,,0,0.336352,0.361971,0.274671,0.185294,0.256905,0.224946,0.227695,0.355277,0.261363
90,A,A,,0,0.314432,0.258242,0.249533,0.301957,0.269279,0.169704,0.174164,0.384014,0.244767
91,A,A,,0,0.231757,0.238748,0.229297,0.379355,0.338099,0.337210,0.375854,0.201936,0.211450
92,A,A,,0,0.179568,0.223059,0.267789,0.329377,0.433743,0.285892,0.282607,0.137841,0.188620
93,A,A,,0,0.158113,0.247969,0.176571,0.350681,0.528561,0.354776,0.334167,0.385257,0.420766
94,A,A,,0,0.387986,0.271170,0.316193,0.560458,0.505502,0.331428,0.476888,0.242027,0.296723
95,A,A,,0,0.285386,0.107185,0.332533,0.353176,0.378417,0.246126,0.232285,0.289368,0.252586
96,A,A,,0,0.351442,0.188031,0.294618,0.359133,0.266706,0.239213,0.278688,0.262255,0.317034
97,A,A,,0,0.341500,0.155420,0.214942,0.462579,0.157903,0.286589,0.265916,0.251175,0.348520
98,A,A,,0,0.383811,0.175374,0.218631,0.344578,0.267206,0.271745,0.198772,0.136300,0.365390
1,B,B,,0,0.533165,0.401138,0.158954,0.542199,0.414219,0.622522,0.550616,0.288442,0.268368
2,B,B,,0,0.508789,0.409445,0.407377,0.216691,0.316194,0.386234,0.201054,0.315559,0.521002
3,B,B,,0,0.477005,0.242670,0.399221,0.213332,0.313297,0.407787,0.243309,0.262511,0.493920
4,B,B,,0,0.311698,0.219950,0.333500,0.258586,0.302765,0.343188,0.182756,0.193449,0.537877
5,B,B,,0,0.307136,0.259273,0.240140,0.424341,0.298552,0.259017,0.231371,0.188090,0.270637
6,B,B,,0,0.247656,0.512946,0.259314,0.436629,0.406258,0.204885,0.309337,0.164856,0.431482
7,B,B,,0,0.308870,0.402353,0.260983,0.403952,0.130722,0.179199,0.337539,0.256731,0.370496
8,B,B,,0,0.390013,0.444571,0.209975,0.478029,0.304777,0.243082,0.337508,0.244223,0.138484
9,B,B,,0,0.363196,0.239397,0.196921,0.458306,0.317981,0.350619,0.358889,0.246712,0.213437
10,B,B,,0,0.244949,0.281030,0.180308,0.398636,0.268577,0.373601,0.256080,0.194251,0.414112
11,B,B,,0,0.220453,0.193619,0.202814,0.187320,0.238842,0.231084,0.146666,0.238140,0.435049
12,B,B,,0,0.278251,0.355747,0.377682,0.237206,0.366820,0.194308,0.222862,0.324895,0.422978
13,B,B,,0,0.378036,0.164048,0.482771,0.243995,0.294617,0.080276,0.253026,0.230023,0.357616
14,B,B,,0,0.308830,0.155135,0.363562,0.244679,0.287128,0.234378,0.387757,0.208755,0.190202
15,B,B,,0,0.322971,0.171205,0.426824,0.482218,0.344513,0.359229,0.314076,0.332767,0.367514
16,B,B,,0,0.439419,0.632700,0.462866,0.801360,0.880971,0.560061,0.609426,0.948403,0.454434
17,B,B,,0,0.363197,0.780611,0.370498,0.668480,1.096713,0.615396,0.367481,0.785451,0.438911
18,B,B,,0,0.269402,0.317593,0.450458,0.471852,0.498953,0.466810,0.194423,0.518801,0.550010
19,B,B,,0,0.411310,0.400445,0.503458,0.375350,0.407649,0.324448,0.288828,0.451860,0.613369
20,B,B,,0,0.179755,0.236126,0.492568,0.241477,0.229348,0.286318,0.257509,0.155707,0.491505
21,B,B,,0,0.359259,0.132077,0.314288,0.338625,0.170752,0.331628,0.226667,0.309588,0.512316
22,B,B,,0,0.213698,0.111453,0.290900,0.222462,0.175880,0.177951,0.227401,0.212290,0.337013
23,B,B,,0,0.193045,0.243903,0.197991,0.366208,0.265916,0.218888,0.214942,0.201660,0.109649
24,B,B,,0,0.262889,0.222262,0.250555,0.394462,0.334266,0.292575,0.180801,0.231036,0.134082
25,B,B,,0,0.276043,0.183788,0.256949,0.259444,0.264535,0.291851,0.383667,0.237347,0.239210
26,B,B,,0,0.405024,0.265329,0.231708,0.384158,0.353050,0.521258,0.412365,0.272194,0.400666
27,B,B,,0,0.492184,0.321350,0.335824,0.284800,0.432795,0.501043,0.363532,0.243266,0.436399
28,B,B,,0,0.276245,0.237487,0.224152,0.250731,0.395194,0.269401,0.345833,0.144300,0.358422
29,B,B,,0,0.343382,0.397268,0.187794,0.069442,0.246171,0.235750,0.270104,0.217104,0.352704
30,B,B,,0,0.234852,0.456434,0.164249,0.203033,0.254384,0.316052,0.244539,0.206074,0.304557
31,B,B,,0,0.323110,0.307714,0.098995,0.183969,0.276729,0.239535,0.263439,0.147043,0.204287
32,B,B,,0,0.349921,0.359382,0.170359,0.215716,0.195563,0.197541,0.124008,0.133250,0.158395
33,B,B,,0,0.434457,0.504888,0.205264,0.229683,0.144914,0.211136,0.128235,0.196129,0.228182
34,B,B,,0,0.298961,0.352074,0.291204,0.249712,0.161795,0.323144,0.163094,0.341368,0.402297
35,B,B,,0,0.129701,0.285270,0.301848,0.369658,0.165865,0.548736,0.300073,0.493423,0.380848
36,B,B,,0,0.216744,0.434843,0.339934,0.461905,0.359629,0.377833,0.349985,0.546118,0.556038
37,B,B,,0,0.302985,0.498442,0.571663,0.432794,0.372502,0.474483,0.477517,0.663341,0.495894
38,B,B,,0,0.320172,0.254996,0.321489,0.278888,0.372023,0.431535,0.355995,0.443071,0.444422
39,B,B,,0,0.427342,0.517838,0.429342,0.435176,0.627730,0.758596,0.360770,0.428073,0.402604
40,B,B,,0,0.383724,0.568232,0.550274,0.169378,0.434433,0.665798,0.576213,0.682739,0.467831
41,B,B,,0,0.392227,0.632825,0.360246,0.294696,0.433999,0.449343,0.643082,0.380526,0.572657
42,B,B,,0,0.391693,0.567021,0.320276,0.257638,0.350617,0.315560,0.375174,0.451469,0.532415
43,B,B,,0,0.625282,0.280318,0.333535,0.356336,0.286317,0.281347,0.376298,0.384621,0.377332
44,B,B,,0,0.499754,0.350905,0.194992,0.355965,0.526603,0.339379,0.342541,0.393896,0.271375
45,B,B,,0,0.433282,0.461087,0.347018,0.496477,0.395445,0.100662,0.271988,0.348966,0.242900
46,B,B,,0,0.422401,0.392995,0.403871,0.605860,0.241293,0.285307,0.589954,0.530053,0.410041
47,B,B,,0,0.456411,0.332031,0.517687,0.541602,0.288019,0.303937,0.509443,0.620985,0.390356
48,B,B,,0,0.483688,0.438484,0.508309,0.565097,0.320209,0.520897,0.541540,0.381780,0.423111
49,B,B,,0,0.629268,0.519915,0.694391,0.680913,0.330185,0.683567,0.526477,0.602384,0.277367
50,B,B,,0,0.583419,0.658887,0.490578,0.552910,0.491801,0.613567,0.430840,0.561941,0.337538
51,B,B,,0,0.634070,0.737113,0.635138,0.554878,0.539878,0.709930,0.644257,0.287017,0.622986
52,B,B,,0,0.374404,0.662991,0.636081,0.484883,0.361724,0.615486,0.544121,0.601665,0.733060
53,B,B,,0,0.242761,0.533645,0.379825,0.650588,0.338000,0.478656,0.478167,0.358205,0.569521
54,B,B,,0,0.291433,0.353333,0.187024,0.367092,0.378065,0.335824,0.311234,0.351031,0.551747
55,B,B,,0,0.407130,0.362123,0.166533,0.429185,0.444222,0.260171,0.369684,0.259914,0.470769
56,B,B,,0,0.411096,0.367907,0.300518,0.325881,0.380437,0.221260,0.256428,0.381196,0.338396
57,B,B,,0,0.412928,0.304704,0.198829,0.185412,0.403099,0.257594,0.206881,0.332429,0.316403
58,B,B,,0,0.407784,0.274994,0.181476,0.195902,0.280039,0.219240,0.168522,0.302545,0.248687
59,B,B,,0,0.440958,0.251484,0.195619,0.159095,0.210342,0.248687,0.280039,0.337146,0.195561
60,B,B,,0,0.475278,0.341370,0.153405,0.231467,0.264325,0.459419,0.279605,0.184570,0.280792
61,B,B,,0,0.524127,0.261407,0.392058,0.263649,0.292991,0.506138,0.329680,0.171075,0.275519
62,B,B,,0,0.285811,0.258329,0.270760,0.293600,0.391322,0.466452,0.342310,0.312979,0.243584
63,B,B,,0,0.304741,0.243264,0.283981,0.249400,0.439747,0.426927,0.290365,0.385141,0.377241
64,B,B,,0,0.339477,0.192929,0.227255,0.219395,0.437365,0.241294,0.263732,0.275319,0.221007
65,B,B,,0,0.362217,0.191079,0.352390,0.180308,0.434154,0.434895,0.281383,0.212969,0.309336
66,B,B,,0,0.385744,0.310020,0.392993,0.202211,0.595240,0.389928,0.232856,0.158745,0.331662
67,B,B,,0,0.351695,0.776017,0.544834,0.281781,0.734150,0.441588,0.319688,0.245856,0.530450
68,B,B,,0,0.400582,0.409797,0.262426,0.318607,0.763863,0.410177,0.324207,0.373064,0.519274
69,B,B,,0,0.377330,0.476422,0.243220,0.262761,0.676165,0.230313,0.279009,0.366666,0.357522
70,B,B,,0,0.416013,0.207793,0.251753,0.247971,0.397491,0.362431,0.377595,0.360462,0.418463
71,B,B,,0,0.394206,0.247340,0.312018,0.368722,0.421637,0.330758,0.351631,0.443922,0.437544
72,B,B,,0,0.331529,0.197766,0.212080,0.428510,0.459203,0.302106,0.423477,0.405628,0.398495
73,B,B,,0,0.438179,0.256083,0.276445,0.357121,0.222861,0.488604,0.264618,0.351189,0.243631
74,B,B,,0,0.361264,0.171205,0.203307,0.309944,0.158466,0.352014,0.220757,0.227158,0.190730
75,B,B,,0,0.300740,0.147347,0.179074,0.275198,0.229251,0.291892,0.149815,0.229055,0.222461
76,B,B,,0,0.344640,0.196242,0.140398,0.278048,0.290172,0.269238,0.147649,0.239210,0.163367
77,B,B,,0,0.262847,0.332964,0.179196,0.228326,0.272436,0.282722,0.238138,0.284293,0.152170
78,B,B,,0,0.317698,0.441713,0.223558,0.226078,0.187439,0.461205,0.498844,0.206829,0.464927
79,B,B,,0,0.371005,0.478236,0.230216,0.248820,0.279881,0.344029,0.340097,0.396373,0.519209
80,B,B,,0,0.402161,0.425492,0.341011,0.271088,0.251706,0.217051,0.286086,0.359228,0.504667
81,B,B,,0,0.380380,0.417824,0.430325,0.328194,0.198940,0.326464,0.282095,0.301810,0.676594
82,B,B,,0,0.309086,0.226667,0.506537,0.215356,0.137840,0.384910,0.278528,0.328127,0.425023
83,B,B,,0,0.167330,0.213385,0.221359,0.213021,0.062894,0.271457,0.239306,0.190204,0.190786
84,B,B,,0,0.219544,0.264784,0.212915,0.206881,0.229539,0.178823,0.222810,0.139763,0.207041
85,B,B,,0,0.230602,0.195278,0.214528,0.219697,0.358329,0.225929,0.217103,0.322696,0.227256
86,B,B,,0,0.389898,0.129528,0.191021,0.176636,0.316403,0.288675,0.257251,0.375823,0.217205
87,B,B,,0,0.365877,0.197595,0.246577,0.128148,0.274833,0.154489,0.200112,0.252321,0.348967
88,B,B,,0,0.372440,0.286045,0.316894,0.182635,0.244676,0.271499,0.229927,0.365755,0.364020
89,B,B,,0,0.303719,0.332766,0.234995,0.176760,0.241293,0.235748,0.117662,0.331430,0.289289
90,B,B,,0,0.280910,0.288561,0.222859,0.196411,0.188913,0.137920,0.144992,0.194537,0.445522
91,B,B,,0,0.287402,0.228230,0.226079,0.246397,0.308473,0.204397,0.299853,0.337803,0.384188
92,B,B,,0,0.188325,0.204234,0.509552,0.354307,0.311446,0.269443,0.315383,0.397100,0.348904
93,B,B,,0,0.293257,0.312942,0.404694,0.367061,0.322559,0.263398,0.453799,0.358018,0.380032
94,B,B,,0,0.296910,0.500511,0.341564,0.339607,0.515536,0.227598,0.275236,0.265162,0.258243
95,B,B,,0,0.211765,0.306230,0.273090,0.289251,0.284565,0.175310,0.130215,0.248551,0.244904
96,B,B,,0,0.354182,0.317806,0.429601,0.211607,0.277489,0.278646,0.155994,0.284917,0.259273
97,B,B,,0,0.439089,0.239768,0.340360,0.193849,0.258415,0.289214,0.166534,0.201771,0.327481
98,B,B,,0,0.514134,0.202429,0.341142,0.250467,0.353366,0.243357,0.286474,0.211606,0.230073
