ResidueID,RMSF
1,1.07247960567474
2,0.826565742492676
3,0.640945613384247
4,0.617317140102386
5,0.487670034170151
6,0.559101700782776
7,0.610538303852081
8,0.569304049015045
9,0.523716807365417
10,0.601706624031067
11,0.634307384490967
12,0.781099617481232
13,0.719584465026855
14,0.959837079048157
15,0.939790785312653
16,1.49985814094543
17,1.56528508663177
18,1.22810077667236
19,1.01830148696899
20,0.82348895072937
21,0.728301823139191
22,0.537019491195679
23,0.497273653745651
24,0.490717083215714
25,0.498388051986694
26,0.552058219909668
27,0.718878149986267
28,0.593135118484497
29,0.587833285331726
30,0.573175072669983
31,0.40577444434166
32,0.486349731683731
33,0.529285192489624
34,0.660257637500763
35,0.748851001262665
36,0.896372854709625
37,1.12220466136932
38,1.08766770362854
39,1.58801007270813
40,1.37469792366028
41,1.25845074653625
42,1.05013513565063
43,1.16809320449829
44,1.22883379459381
45,1.23631501197815
46,1.31789338588715
47,1.26986622810364
48,1.57661616802216
49,2.07172703742981
50,2.70551180839539
51,3.0679976940155
52,2.4698600769043
53,1.81380784511566
54,1.39996361732483
55,1.21244919300079
56,0.87618213891983
57,0.798520147800446
58,0.750396847724915
59,0.712121665477753
60,0.807397127151489
61,0.798206090927124
62,0.684201002120972
63,0.693022727966309
64,0.634549736976624
65,0.703426778316498
66,0.695008039474487
67,0.906170070171356
68,1.02496194839478
69,0.839577734470367
70,0.751632392406464
71,0.586868584156036
72,0.585114300251007
73,0.614943981170654
74,0.584612607955933
75,0.484019666910172
76,0.542458772659302
77,0.564496576786041
78,0.750960826873779
79,0.931463837623596
80,0.886842131614685
81,1.13991284370422
82,0.96873551607132
83,0.617014706134796
84,0.490197032690048
85,0.442941814661026
86,0.474015831947327
87,0.445534229278564
88,0.461766988039017
89,0.437125712633133
90,0.445722162723541
91,0.522362232208252
92,0.549593448638916
93,0.616225957870483
94,0.690987169742584
95,0.56169867515564
96,0.585274040699005
97,0.553501069545746
98,0.550028264522552
