ResidueID,ChainID,slice_1.dcd,slice_2.dcd,slice_3.dcd,slice_4.dcd,slice_5.dcd,slice_6.dcd,slice_7.dcd,slice_8.dcd,slice_9.dcd
1,A,0.826523,0.881051,0.732917,0.828965,1.159270,1.146027,0.920422,0.941719,0.948357
2,A,0.629255,0.717337,0.569856,0.670349,0.898899,0.739330,0.721252,0.750870,0.720500
3,A,0.572617,0.608700,0.503812,0.570298,0.678641,0.646350,0.609836,0.685430,0.614698
4,A,0.559663,0.596206,0.514118,0.569745,0.636585,0.605997,0.625194,0.639282,0.593823
5,A,0.437373,0.455459,0.438890,0.439285,0.474110,0.447177,0.489448,0.523863,0.480434
6,A,0.510967,0.497908,0.507502,0.499591,0.541521,0.506392,0.553616,0.607623,0.552072
7,A,0.541310,0.536639,0.535833,0.528857,0.615070,0.576277,0.603405,0.669590,0.606770
8,A,0.501700,0.492398,0.492985,0.496612,0.564187,0.563224,0.536315,0.631969,0.554187
9,A,0.454799,0.454940,0.446842,0.441598,0.508269,0.518105,0.481233,0.578191,0.525746
10,A,0.527751,0.583081,0.512722,0.503756,0.517456,0.600086,0.494372,0.596308,0.595015
11,A,0.512572,0.581236,0.497776,0.498064,0.584495,0.574731,0.513988,0.566568,0.604343
12,A,0.563803,0.639348,0.551840,0.601014,0.740848,0.639490,0.631060,0.578714,0.673242
13,A,0.476426,0.526363,0.484749,0.539317,0.725043,0.516630,0.674184,0.548956,0.697990
14,A,0.520175,0.521200,0.493521,0.556364,1.014816,0.531194,0.854859,0.634488,0.966947
15,A,0.573726,0.559133,0.576541,0.582135,0.946950,0.629195,0.972813,0.741423,0.871330
16,A,1.178997,1.054578,0.874087,0.892066,1.559170,1.033025,1.439840,1.118556,1.359396
17,A,1.241958,1.076281,0.868204,0.875628,1.671459,1.044939,1.524398,1.095554,1.438179
18,A,0.779388,0.745201,0.674236,0.690940,1.305140,0.855893,1.177109,0.974576,1.192936
19,A,0.605180,0.671273,0.615076,0.648027,1.043689,0.727316,0.870892,0.710314,0.976461
20,A,0.503447,0.582628,0.565887,0.547420,0.776409,0.630528,0.688359,0.647701,0.750768
21,A,0.502752,0.599671,0.529504,0.529891,0.661305,0.587819,0.597298,0.661263,0.701956
22,A,0.399007,0.465164,0.401166,0.424360,0.454775,0.497577,0.415204,0.560070,0.535223
23,A,0.391153,0.472938,0.394349,0.406542,0.410277,0.484481,0.417872,0.536108,0.486246
24,A,0.412150,0.467179,0.412706,0.419366,0.419136,0.471999,0.435128,0.550540,0.460726
25,A,0.418630,0.425132,0.428458,0.413729,0.421602,0.504772,0.441874,0.554799,0.464796
26,A,0.455515,0.475886,0.461382,0.450189,0.500554,0.546341,0.494839,0.645101,0.536890
27,A,0.614300,0.628246,0.618043,0.602067,0.698206,0.690493,0.642500,0.834195,0.697601
28,A,0.493828,0.483585,0.503604,0.475912,0.523071,0.614868,0.520689,0.746194,0.591302
29,A,0.487469,0.475861,0.490231,0.479569,0.484223,0.601078,0.509030,0.758505,0.587931
30,A,0.468593,0.483471,0.474701,0.432378,0.451983,0.710286,0.450330,0.698330,0.629245
31,A,0.354649,0.366516,0.349317,0.341497,0.360763,0.408740,0.352488,0.456621,0.395955
32,A,0.362120,0.404900,0.355817,0.356550,0.368651,0.443594,0.378464,0.505079,0.431690
33,A,0.406217,0.469251,0.402488,0.406133,0.427390,0.453507,0.456532,0.577942,0.472162
34,A,0.467412,0.567572,0.478783,0.488037,0.541176,0.564110,0.584462,0.759675,0.563004
35,A,0.572864,0.654614,0.540210,0.557239,0.617198,0.625306,0.727042,0.931306,0.662196
36,A,0.653210,0.681428,0.662807,0.646534,0.737970,0.727486,0.854424,1.053442,0.774480
37,A,0.843948,0.853455,0.839428,0.846189,0.920510,1.041108,1.032030,1.257606,0.940743
38,A,0.739030,0.872093,0.783396,0.776977,0.801307,1.144350,0.941354,1.111629,0.997056
39,A,1.092502,1.366161,1.225130,1.169281,1.178162,1.731583,1.146263,1.445864,1.425797
40,A,1.013022,1.016154,1.085891,1.077077,1.066214,1.506540,1.026565,1.169935,1.273067
41,A,0.798124,0.884769,0.875710,0.850211,0.845343,1.402725,0.923813,1.093053,1.155310
42,A,0.621709,0.737257,0.640071,0.664441,0.665356,1.136663,0.737924,0.930627,0.952903
43,A,0.700385,0.736549,0.730381,0.771121,0.707261,1.244168,0.822473,0.957589,0.964451
44,A,0.741589,0.775942,0.746106,0.876645,0.829960,1.292108,0.844227,0.992755,1.013201
45,A,0.752814,0.856912,0.650089,0.892451,0.884735,1.224670,0.837634,0.952305,0.991337
46,A,0.747232,0.873098,0.738360,0.883780,0.805217,1.376051,0.911931,1.023266,1.150697
47,A,0.756600,0.851399,0.712079,0.812971,0.751267,1.322969,0.913971,1.028379,1.249202
48,A,0.857523,0.970069,0.828419,0.913933,0.834730,1.679568,1.140369,1.367030,1.566522
49,A,1.236144,1.170294,0.927957,1.065425,1.025393,1.869570,1.411911,1.869570,1.869570
50,A,1.210123,1.422363,0.975050,1.124564,1.174712,1.869570,1.826362,1.869570,1.869570
51,A,1.479647,1.869570,1.132365,1.378042,1.489072,1.869570,1.869570,1.869570,1.869570
52,A,1.180645,1.506287,0.969198,1.097014,1.160795,1.869570,1.513031,1.869570,1.869570
53,A,0.837810,0.968556,0.770864,0.838554,0.832602,1.869570,1.190790,1.665286,1.477851
54,A,0.729092,0.815961,0.708227,0.733964,0.747472,1.556315,0.916229,1.270104,1.191549
55,A,0.663009,0.717068,0.658997,0.738988,0.719554,1.305158,0.878284,1.053082,1.000585
56,A,0.515552,0.578380,0.491078,0.552459,0.516664,0.872039,0.642143,0.776162,0.753412
57,A,0.462809,0.565145,0.459371,0.511152,0.485610,0.771826,0.575818,0.742926,0.687668
58,A,0.451793,0.511663,0.412319,0.476148,0.461061,0.741028,0.527785,0.663298,0.658626
59,A,0.447113,0.518736,0.420805,0.486936,0.496436,0.740917,0.555917,0.661073,0.633029
60,A,0.550692,0.602131,0.543475,0.631404,0.626622,0.756922,0.689735,0.756246,0.769297
61,A,0.584454,0.644666,0.582544,0.729601,0.588981,0.797062,0.734294,0.701755,0.739964
62,A,0.459585,0.487051,0.454461,0.502216,0.502045,0.777341,0.689736,0.562546,0.602844
63,A,0.570090,0.527797,0.541631,0.585433,0.565141,0.655762,0.647212,0.628741,0.624863
64,A,0.558159,0.484106,0.536267,0.557329,0.550448,0.555288,0.584076,0.598207,0.580905
65,A,0.526832,0.542494,0.528058,0.586795,0.592525,0.552036,0.665467,0.617778,0.720702
66,A,0.499924,0.549935,0.554716,0.552767,0.597946,0.563324,0.673005,0.593588,0.727336
67,A,0.658596,0.741562,0.751758,0.730247,0.837084,0.761957,0.842753,0.764489,0.893574
68,A,0.799706,0.813247,0.850449,0.849580,0.935270,0.964232,0.937644,0.846097,1.033310
69,A,0.624348,0.723078,0.687994,0.739491,0.703265,0.710757,0.726809,0.685233,0.811362
70,A,0.591920,0.612999,0.631803,0.653760,0.634857,0.688418,0.684259,0.678168,0.746554
71,A,0.495932,0.499229,0.498139,0.593858,0.543398,0.560996,0.509894,0.563216,0.569978
72,A,0.472306,0.475483,0.451347,0.545512,0.508664,0.585496,0.523156,0.541635,0.557968
73,A,0.510133,0.521452,0.515634,0.572584,0.531744,0.598881,0.538547,0.616307,0.572987
74,A,0.446268,0.480853,0.405936,0.462632,0.451055,0.578516,0.469654,0.557587,0.559662
75,A,0.395908,0.404875,0.364433,0.383764,0.398962,0.449840,0.407159,0.490406,0.472381
76,A,0.364365,0.424652,0.351014,0.390000,0.376898,0.476333,0.384737,0.548408,0.475594
77,A,0.400589,0.482055,0.392509,0.407132,0.407378,0.514685,0.449165,0.648266,0.488103
78,A,0.515361,0.621162,0.508652,0.530191,0.531584,0.695675,0.628603,0.827871,0.676527
79,A,0.631315,0.764814,0.621493,0.637554,0.669212,0.863374,0.772389,1.033327,0.813586
80,A,0.593828,0.773297,0.620638,0.608112,0.638863,0.813080,0.696628,0.936732,0.888671
81,A,0.762296,0.984501,0.784903,0.798439,0.813510,1.064179,0.827682,1.172637,1.214366
82,A,0.673052,0.774176,0.696131,0.693612,0.676583,0.836347,0.705772,1.001104,0.952044
83,A,0.464154,0.523951,0.466934,0.452606,0.459225,0.531917,0.457893,0.662836,0.569715
84,A,0.404579,0.432797,0.415370,0.421955,0.432459,0.478927,0.417433,0.548016,0.474653
85,A,0.377084,0.397127,0.381464,0.378380,0.389262,0.421363,0.382243,0.471518,0.402435
86,A,0.426380,0.423009,0.460441,0.412946,0.440326,0.507499,0.459277,0.529770,0.431770
87,A,0.391972,0.383597,0.397192,0.393136,0.416169,0.466339,0.405562,0.509626,0.429601
88,A,0.419050,0.405779,0.433763,0.425490,0.430566,0.468545,0.417904,0.468906,0.464092
89,A,0.404426,0.382272,0.430387,0.421533,0.393627,0.422785,0.396142,0.431512,0.425460
90,A,0.406927,0.390258,0.422869,0.420107,0.392539,0.441303,0.402715,0.467842,0.441361
91,A,0.459722,0.475022,0.456898,0.489262,0.469317,0.485184,0.449352,0.501470,0.538841
92,A,0.476034,0.501262,0.480059,0.521691,0.507928,0.495939,0.463855,0.527473,0.586541
93,A,0.514652,0.541570,0.525876,0.518346,0.569436,0.537122,0.531509,0.614034,0.689760
94,A,0.550989,0.604474,0.558636,0.591947,0.660730,0.576054,0.592231,0.669824,0.741716
95,A,0.429592,0.445916,0.455006,0.453930,0.511968,0.460671,0.484421,0.577123,0.597439
96,A,0.430369,0.439889,0.448458,0.467286,0.509231,0.470534,0.489048,0.581027,0.537922
97,A,0.439795,0.417086,0.413465,0.462444,0.480631,0.448136,0.468921,0.581970,0.533287
98,A,0.510440,0.483349,0.451288,0.485851,0.505672,0.480030,0.530077,0.590686,0.592966
