ResidueID,ChainID,slice_1.dcd,slice_2.dcd,slice_3.dcd
1,7,15.859440,16.564508,14.499605
2,7,15.427837,16.100508,14.408968
3,7,15.559374,16.087843,14.333993
4,7,15.343127,16.193516,14.287732
5,7,15.091913,15.938355,14.225098
6,7,14.989347,15.836822,14.203194
7,7,15.251285,15.792046,14.027926
8,7,15.420390,15.631925,13.978594
9,7,15.187112,15.408195,14.019622
10,7,15.085384,15.388067,13.935403
11,7,14.236725,15.123419,13.911705
12,7,13.947070,14.808671,13.825514
13,7,11.899982,14.908615,13.733127
14,7,10.327099,14.463124,13.686622
15,7,8.106264,14.466919,13.502848
16,7,6.834744,13.858978,13.396860
17,7,5.552203,13.581496,13.319998
18,7,5.144536,12.648559,13.288313
19,7,4.915497,12.457758,13.233319
20,7,4.332654,12.006517,13.152112
21,7,4.132512,11.571118,13.098752
22,7,3.841169,11.522349,12.916415
23,7,4.213959,11.007528,12.852798
24,7,3.765280,10.914198,12.666476
25,7,3.848081,9.066178,12.603668
26,7,4.759649,7.962449,12.487104
27,7,4.668665,8.244029,12.466417
28,7,4.003287,8.164027,11.516787
29,7,4.677881,6.520697,10.428381
30,7,5.558668,6.054348,9.553280
31,7,4.856631,7.260761,9.043906
32,7,4.561487,6.905350,8.576925
33,7,5.984916,5.826488,7.913247
34,7,6.856577,5.718388,7.206187
35,7,6.062714,6.373398,6.867433
36,7,6.418756,5.411852,6.487728
37,7,5.712291,4.979240,6.578440
38,7,4.887220,4.169032,6.523123
39,7,6.277794,3.707140,6.096662
40,7,7.168025,3.558239,5.695320
41,7,5.868076,3.386005,4.545758
42,7,5.339640,2.895085,4.283364
43,7,3.752124,2.601690,4.261825
44,7,3.427258,1.999548,3.962019
45,7,2.937286,1.556162,3.907631
46,7,3.835921,1.810795,3.767780
47,7,2.246133,1.183395,2.669446
48,7,0.000004,0.000004,0.000004
49,7,1.628754,1.129617,2.381404
50,7,2.058858,1.761363,2.643247
51,7,3.160673,1.914168,3.031018
52,7,3.713694,2.602646,3.737748
53,7,4.703335,2.283877,3.279612
54,7,4.165230,2.219554,3.377318
55,7,4.133318,2.434473,3.344605
56,7,4.863984,2.708329,3.762291
57,7,4.969085,2.876974,3.764681
58,7,4.975294,4.687264,3.864614
59,7,5.844545,5.100482,4.140377
60,7,6.189089,5.171990,5.239131
61,7,6.629312,5.558386,5.503379
62,7,7.087016,5.216994,4.921408
63,7,7.904868,5.831886,5.160396
64,7,10.451217,6.201350,4.821753
65,7,10.998482,6.124654,5.970383
66,7,11.535999,6.072930,6.732170
67,7,10.611214,6.222740,6.290269
68,7,11.294833,5.903278,5.445664
69,7,10.408623,5.961749,5.187297
70,7,10.823843,6.061472,5.161537
71,7,10.339175,6.075672,5.102979
72,7,10.685264,6.312224,5.273124
73,7,12.201013,5.895414,5.813000
74,7,12.897427,5.677555,4.944558
75,7,15.387824,5.836882,5.929504
76,7,17.751488,6.654057,6.864103
