ResidueID,ChainID,RMSF
1,A,1.07247960567474
2,A,0.826565742492676
3,A,0.640945613384247
4,A,0.617317140102386
5,A,0.487670034170151
6,A,0.559101700782776
7,A,0.610538303852081
8,A,0.569304049015045
9,A,0.523716807365417
10,A,0.601706624031067
11,A,0.634307384490967
12,A,0.781099617481232
13,A,0.719584465026855
14,A,0.959837079048157
15,A,0.939790785312653
16,A,1.49985814094543
17,A,1.56528508663177
18,A,1.22810077667236
19,A,1.01830148696899
20,A,0.82348895072937
21,A,0.728301823139191
22,A,0.537019491195679
23,A,0.497273653745651
24,A,0.490717083215714
25,A,0.498388051986694
26,A,0.552058219909668
27,A,0.718878149986267
28,A,0.593135118484497
29,A,0.587833285331726
30,A,0.573175072669983
31,A,0.40577444434166
32,A,0.486349731683731
33,A,0.529285192489624
34,A,0.660257637500763
35,A,0.748851001262665
36,A,0.896372854709625
37,A,1.12220466136932
38,A,1.08766770362854
39,A,1.58801007270813
40,A,1.37469792366028
41,A,1.25845074653625
42,A,1.05013513565063
43,A,1.16809320449829
44,A,1.22883379459381
45,A,1.23631501197815
46,A,1.31789338588715
47,A,1.26986622810364
48,A,1.57661616802216
49,A,2.07172703742981
50,A,2.70551180839539
51,A,3.0679976940155
52,A,2.4698600769043
53,A,1.81380784511566
54,A,1.39996361732483
55,A,1.21244919300079
56,A,0.87618213891983
57,A,0.798520147800446
58,A,0.750396847724915
59,A,0.712121665477753
60,A,0.807397127151489
61,A,0.798206090927124
62,A,0.684201002120972
63,A,0.693022727966309
64,A,0.634549736976624
65,A,0.703426778316498
66,A,0.695008039474487
67,A,0.906170070171356
68,A,1.02496194839478
69,A,0.839577734470367
70,A,0.751632392406464
71,A,0.586868584156036
72,A,0.585114300251007
73,A,0.614943981170654
74,A,0.584612607955933
75,A,0.484019666910172
76,A,0.542458772659302
77,A,0.564496576786041
78,A,0.750960826873779
79,A,0.931463837623596
80,A,0.886842131614685
81,A,1.13991284370422
82,A,0.96873551607132
83,A,0.617014706134796
84,A,0.490197032690048
85,A,0.442941814661026
86,A,0.474015831947327
87,A,0.445534229278564
88,A,0.461766988039017
89,A,0.437125712633133
90,A,0.445722162723541
91,A,0.522362232208252
92,A,0.549593448638916
93,A,0.616225957870483
94,A,0.690987169742584
95,A,0.56169867515564
96,A,0.585274040699005
97,A,0.553501069545746
98,A,0.550028264522552
1,B,1.14128422737122
2,B,0.761116623878479
3,B,0.75916314125061
4,B,0.668255746364594
5,B,0.568116188049316
6,B,0.690318822860718
7,B,0.684616565704346
8,B,0.665344834327698
9,B,0.612916529178619
10,B,0.693051993846893
11,B,0.72162938117981
12,B,0.829899609088898
13,B,0.727587699890137
14,B,0.871343672275543
15,B,0.875098705291748
16,B,1.49427819252014
17,B,1.70410346984863
18,B,1.3369927406311
19,B,1.13955318927765
20,B,1.07188010215759
21,B,0.8880255818367
22,B,0.61292290687561
23,B,0.540946543216705
24,B,0.55135303735733
25,B,0.532362163066864
26,B,0.580860495567322
27,B,0.787423312664032
28,B,0.613170862197876
29,B,0.543842315673828
30,B,0.53205531835556
31,B,0.440027385950089
32,B,0.503140807151794
33,B,0.510725915431976
34,B,0.666932046413422
35,B,0.777339994907379
36,B,0.857896089553833
37,B,1.13074970245361
38,B,1.25803649425507
39,B,1.83563721179962
40,B,1.38814043998718
41,B,1.26501250267029
42,B,1.04909634590149
43,B,1.1022846698761
44,B,1.13041377067566
45,B,1.10979104042053
46,B,1.24356186389923
47,B,1.34736621379852
48,B,1.63552677631378
49,B,2.73558735847473
50,B,3.01630640029907
51,B,2.76440525054932
52,B,2.09052729606628
53,B,1.50103640556335
54,B,1.26432633399963
55,B,1.02088940143585
56,B,0.815508186817169
57,B,0.756561517715454
58,B,0.731557250022888
59,B,0.707092523574829
60,B,0.796428978443146
61,B,0.88191556930542
62,B,0.670711994171143
63,B,0.688469707965851
64,B,0.571129083633423
65,B,0.632539391517639
66,B,0.65480363368988
67,B,1.0098534822464
68,B,1.11395120620728
69,B,0.844369471073151
70,B,0.763533473014832
71,B,0.705640196800232
72,B,0.70104968547821
73,B,0.699645340442657
74,B,0.613066673278809
75,B,0.544675171375275
76,B,0.542101502418518
77,B,0.558869063854218
78,B,0.800910115242004
79,B,1.05119240283966
80,B,1.04695796966553
81,B,1.29756724834442
82,B,1.06293380260468
83,B,0.656626105308533
84,B,0.535147666931152
85,B,0.457571148872375
86,B,0.457706272602081
87,B,0.437049508094788
88,B,0.446684807538986
89,B,0.4133440554142
90,B,0.422984063625336
91,B,0.488791614770889
92,B,0.574015200138092
93,B,0.611829340457916
94,B,0.645665466785431
95,B,0.505926191806793
96,B,0.508636236190796
97,B,0.520132541656494
98,B,0.622001647949219
